DIEGO LORENZINI;ARCA;I MONSTER;ROSALIA;ADAMLAR;CHAPELIER FOU;MITSKI;RUSOWSKY;CANTAMARTA;DISTIMIA AGORAFOBICA
VICENTE GARCIA;LANA DEL REY;ARCTIC MONKEYS;TAMINO;NOTHING BUT THIEVES;THE NEIGHBORHOOD;JOHN MAYER;KINGS OF LEON;FLEETWOOD MAC;KALI UCHIS
PERCANCE ;GUSTAVO CERATI;PINK FLOYD;SKA-P;DREAD MAR I;JUNIOR H;PXNDX;VIRLAN GARCIA;ЕТN RAVE;EL CUARTETO DE NOS
TWENTY ONE PILOTS;PEGBOARD NERDS;LINKIN PARK;EMINEM;BIZARRAP;FREDDIE DREDD;CAVETOWN;CYREX;AVICII;PORTA
MANU CHAO;EL KUELGUE;NATALIA DOCO;RUPATRUPA;CLUB DEL RIO;MARIA CRISTINA PLATA;LA LA;YANN TIERSEN;ONDA VAGA;LOS PANCHOS
BAD BUNNY;MELANIE MARTINEZ;HARRY STYLES;JULIANA;ESTEMAN;DUA LIPA;SEBASTIAN ROMERO;BRUSES;KAROL G;CARLOS SADNESS
TAYLOR SWIFT;ASTRO;BTS;GOT7;CAVETOWN;ONE OK ROCK;STRAY KIDS;EXO;MONSTA X;THE ORAL CIGARETTES
ADO;DADDY YANKEE;YAOSOBI;DON OMAR;KANARIA;WISIN Y YANDEL;EXCISION;S3RL;EMINEM;EL GRAN COMBO DE PUERTO RICO
ANUEL AA;DAFT PUNK;TWENTY ONE PILOTS;IMAGINE DRAGONS;JUSTIN BIEBER;DAVID GUETTA;BAD BUNNY;COLDPLAY;2CELLOS;COLDPLAY
CABALLERO GAUCHO;ALCOLIRYKOZ;CANSERBERO;DARIO GOMEZ;ICE CUBE;NAS;EMINEM;GILDARDO MONTOYA;LOS CANTORES KOKO Y KORONEL;THE NOTORIUS BIG
TAYLOR SWIFT;5 SECONDS OF SUMMER;LIZZY MCALPINE;BILLIE EILISH;LOUIS TOMLINSON;HARRY STYLES;CONAN GRAY;ARCTIC MONKEYS;IMAGINE DRAGONS;MORAT
MIRANDA;LINKIN PARK;ABBA;METALLICA;BAD BUNNY;ROSALIA;EMINEM;DOJA CAT;BRING ME THE HORIZON;MON LAFERTE
ELADIO CARRION;VIOLADORES DEL VERSO;DOBLE PORCION;PLAN B;PENYAIR;BAD BUNNY;LUIS7LUNES;FEID;CANSERBERO;WISIN Y YANDEL
TAYLOR SWIFT;EL CUARTETO DE NOS;JORGE RIVERA HERRANS;MARINA;ALEX SOTO;LOVEJOY;GORILLAZ;MAROON 5;CONAN GRAY;IMAGINE DRAGONS
NATALIA LAFOURCADE;NICOLAS JAAR;RADIOHEAD;MAC DEMARCO;WESTSIDE GUNN;LUIZ BONFA;FRANK OCEAN;NAVY BLUE;MILES DAVIS;RAP FERREIRA
RADIOHEAD;ALICE IN CHAINS;TOOL;KORN;MODJO;PINK FLOYD;MEGADETH;LOS PRISIONEROS;PAPA ROACH;RED HOT CHILI PEPPERS
ELTON JOHN;THE BEATLES;BILLY JOEL;PINK FLOYD;GUNS N ROSES;LUDOVICO EINAUDI;KANYE WEST;DAVID BOWIE;EMINEM;ABBA
DANIEL ME ESTAS MATANDO;RAMONA;DIAMANTE ELECTRICO ;RUPATRUPA;RAYOS LASER;AXEL FIKS;LEO RIZZI;POL GRANCH;JOSEAN LOG;CARLA MORRISON
MORAT;EL CUARTETO DE NOS;MONSIEUR PERINE;VETUSTA MORLA;FITO PAEZ;PEDRO PASTOR;JUAN LUIS GUERRA;BOMBA ESTEREO;SHAKIRA;BAD BUNNY
GUSTAVO CERATI;JOE ARROYO;TYLER THE CREATOR;FEID;BBNOS;BAD BUNNY;MORAT;HARRY STYLES;JUANES;NICOLAS Y LOS FUMADORES
KAROL G;SHAKIRA;SODA ESTEREO;CABAS;THE NATIONAL;ED SHEERAN;JUSTIN BIEBER;MORAT;CAMILO;JUAN LUIS GUERRA
COLDPLAY;C TANGANA;OLIVIA RODRIGO;BRIELA OJEDA;NATALIA LAFOURCADE;DUA LIPA;FRUTO DEL MADERO;LORDE;MANA;ETTA JAMES
ARCTIC MONKEYS;SILVIO RODRIGUEZ;THE CURE;THE SMITHS;RADIOHEAD;MITSKI;TV GIRL;PIXIES;COCTEAU TWINS;DEFTONES
DUKI;KHEA;BILLIE ELISH;TIAGO PZK;3AM;LIT KILLAH;JOJI;AURORA;PXNDX;SEVEN KAYNE
FALL OUT BOY;PARAMORE;PVRIS;MANESKIN;OHLAVILLE;DEMI LOVATO;DIAMANTE ELECTRICO;THE STROKES;EL CUARTETO DE NOS;MUSE
FINNEAS;BILLIE EILISH;GRACIE ABRAMS;LIZZY MCALPINE;SABRINA CARPENTER;MORAT;ARMENIA;ROLE MODEL;REX ORANGE COUNTY;SZA
THE WEEKND;FEID;COLDPLAY;BAD BUNNY;KAROL G;HOMBRES G;NIRVANA;GUNS N ROSES;WISIN Y YANDEL;DON OMAR
TXT;SEVENTEEN;NCT127;WAYV;P1HARMONY ;BTS;DPR IAN;DEAN;COLDE;ARIANA GRANDE
ATERCIOPELADOS;GUSTAVO CERATI;CHARLY GARCIA;KHRUANGBIN;PINK FLOYD;LUIS ALBERTO SPINETTA;NATALIA LAFOURCADE;POLO Y PAN;DEVENDRA BANHART;LEMPERATRICE
LED ZEPPELIN;TOOL;SCORPIONS;THE ROLLING STONES;THE CRANBERRIES;THE KILLERS;AUDIOSLAVE;AEROSMITH;HOLE;FOO FIGHTERS
REX ORANGE COUNTY;MAGO DE OZ;CAVETOWN;MORAT;MANA;RICKY MONTGOMERY;BEACH BUNNY;RATA BLANCA;JOJI;CONAN GRAY
KAROL G;DIOMEDES DIAZ;JULIO JARAMILLO;SILVA Y VILLALBA;GRUPO NICHE;LOS HERMANOS ZULETA;CARLOS VIVES;SHAKIRA;RBD;ROCIO DURCAL
OZZY OSBOURNE;HARRY STYLES;MELANIE MARTINEZ;ARIANA GRANDE;LANA DEL REY;CAMILA CABELLO;YO YO MA;SELENA GOMEZ;SAM SMITH;FINNEAS
ONE DIRECTION;OLIVIA RODRIGO;ELTON JOHN;DAVID GUETTA;MIGUEL BOSE;KYGO;SWEDISH HOUSE MAFIA;AVICII;MORAT;BAD BUNNY
BAD BUNNY;FEID;MANUEL TURIZO;MORAT;PISO 21;SEBASTIAN YATRA;DANNY OCEAN;REIK;J BALVIN;KAROL G
SHAWN MENDES;MANUEL TURIZO;SEBASTIAN YATRA;QUEVEDO;MORAT;DVICIO;MATT MAHER;CHARLIE USG;JUSTIN BIEBER;TINI
MORAT;VICENTE GARCIA;BILLIE EILISH;ABBA;ANDRES CEPEDA;BAD BUNNY;JUAN LUIS GUERRA;REIK;QUEEN;THE BARDEN BELLAS
KANY GARCIA;MORAT;JUANES;FONSECA;JUAN LUIS GUERRA;FEID;SILVIO RODRIGUEZ;RICARDO ARJONA;MIKE BAHIA;VICTOR Y LEO
BAD BUNNY;MICHAEL JACKSON;MORAT;BILLY JOEL;THE BEATLES;ANDRES CEPEDA;ABBA;BANDALOS CHINOS;UB40;FRANK SINATRA
BLACK COUNTRY NEW ROAD;ROAD;OLD GRAY;ATAQUEMOS;TV GIRL;SAIKORO;MARGARITA SIEMPRE VIVA;PANICO;CHET BAKER;LA HERMANASTRA MAS FEA
FEID;MORA;ALCOLIRYKOZ;KAROL G;LAGOS;BAD BUNNY;HUMBE;ROSALIA;KEVIN KAARL;WOS
MUSE;PXNDX;YUGO KANNO;LINKIN PARK;MY CHEMICAL ROMANCE;TWENTY ONE PILOTS;TRISTAM;RAMMSTEIN;SERBIA;FEINT
LA MUCHACHA;EL CUARTETO DE NOS;BILLIE EILISH;DIE ANTWOORD;ALAN SUTTON Y LAS CRIATURITAS DE LA ANSIEDAD;RUPATRUPA;SYSTEM OF A DOWN;PANTERA;ARCTICK MONCKEYS;GORILLAZ
ROGER WATERS;JANNETE;LOUIS AMSTRONG;DON OMAR;JANIS JOPLIN;ALKOLIRICOZ;GUSTAVO CERATI;PEARL JAM;BOOK OF BLACK EARTH;DEICIDE
ARCTIC MONKEYS;JOJI;MAC DEMARCO;GORILLAZ;BAD BUNNY;ZOE;C TANGANA;NATALIA LAFOURCADE;DAFT PUNK;KEVIN KAARL
SILVANA ESTRADA;GERRY MULLIGAN SEXTET;MITSKI;NINA SIMONE;LA LA;KAMASI WASHINGTON;VICTOR JARA;LUIS ALBERTO SPINETTA;ROSALIA;CHAVELA VARGAS
BRIELA OJEDA;IZAL;PALOMA DEL CERRO;RAYDEN;LA MUCHACHA;EL KANKA;SILVINA MORENO;JORGE DREXLER;LA MARAVILLOSA ORQUESTA DEL ALCOHOL;LIDO PIMIENTA
BRING ME THE HORIZON;RUPATRUPA;AURORA;RAYDEN;MANESKIN;MONSIEUR PERINE;EL CUARTETO DE NOS;BILLIE EILISH;JULIANA;LOS PETIT FELLAS
MY CHEMICAL ROMANCE;TWENTY ONE PILOTS;THE 1975;LA OREJA DE VAN GOGH;FALL OUT BOY;CHARLY GARCIA;LOS ENANITOS VERDES;ALASKA Y DINARAMA;I DONT KNOW HOW BUT THEY FOUND ME;MON LAFERTE
LANA DEL REY;ROSALIA;BAD BUNNY;NIRVANA;SHAKIRA;KALI UCHIS;LEON LAGUERRI;ZOE;MARINA;MIRANDA
THE NATIONAL;OSO OSO;HIPPO CAMPUS;LITTLE JESUS;CAR SEAT HEADREST;ANGELS Y AIRWAVES;THE GASLIGHT ANTHEM;DEATH CAB FOR CUTIE;FOXING;THE MENZINGERS
LANA DEL REY;KALI UCHIS;THE WEEKEND;TAYLOR SWIFT;GRIMES;CIGARRETES AFTER SEX;SZA;FRANK OCEAN;BAD GYAL;ARCA
TAYLOR SWIFT;THE 1975;GRACIE ABRAMS;MORA;PHOEBE BRIDGERS;JUSTIN BIEBER;LOUIS TOMLINSON;LIZZY MCALPINE;ONE DIRECTION;ELADIO CARRION
GORILLAZ;TAME IMPALA;JACK STAUBER;DIEGO LORENZINI;DANIEL ME ESTAS MATANDO;THE NEIGHBORHOOD;ALCOLIRYKOZ;THE SIMPS;EL CUARTETO DE NOS;MF DOOM
BEHEMOTH;KREATOR;RAMMSTEIN;EXODUS;LAMB OF GOD;FEAR FACTORY;TESTAMENT;TOOL;A PERFECT CIRCLE;ARCH ENEMY
BAD BUNNY;ANUEL;MALUMA;CRUDO MEANS RAW;J BALVIN;JUSTIN BIEBER;VICENTE FERNANDEZ;ELADIO CARRION;BLESSD;ROMEO SANTOS
SHILOH DYNASTY;SEWERSLVT;SKRILLEX;SUBTRONICS;VERZACHE;GANJA WHITE NIGHT;BILLIE EILISH;MANA;ADVENTURE TIME;AKIRA YAMAOKA
BO BURNHAM;JOJI;MY CHEMICAL ROMANCE;C TANGANA;ESTEMAN;GREEN DAY;TOTALFAT;FALL OUT BOY;ALAN SUTTON Y LAS CRIATURITAS DE LA ANSIEDAD;JULIETA VENEGAS
POST MALONE;TWENTY ONE PILOTS;ELADIO CARRION;MAC MILLER;EMINEM;MANESKIN;BAD BUNNY;WOS;MORA;DOJA CAT
DIAMANTE ELECTRICO;MORAT;JORGE DREXLER;FEID;DANIEL ME ESTAS MATANDO;ANDRES CEPEDA;RAUW ALEJANDRO;EL KANKA;KAROL G;QUEVEDO
BOBBY BLUE BLAND;BILL WITHERS;VITO;SHARIF;MORGAN;RAFAEL LECHOWSKY;BLACK SABBATH;FRANK SINATRA;GORILLAZ;SANTIAGO INSANE
HARRY STYLES;MORAT;CAMILA CABELLO;BILLIE EILISH;RBD;IMAGINE DRAGONS;MADISON BEER;HAILEE STEINFELD;CONAN GRAY;5 SECONDS OF SUMMER
PARAMORE;ROSALIA;MORAT;MONSIEUR PERINE;ESTEMAN;MAC MILLER;CARDELLINO;MAD TREE;HARRY STYLES;BILLIE EILISH
LIZZO;DOJA CAT;THE BEATLES;SAM SMITH;KATY PERRY;BRIELA OJEDA;RUPAUL;SIA;QUEEN;ABBA
JOJI;TYLER THE CREATOR;CUARTETO DE NOS;THE WEEKND;GORILLAZ;BBNOS;THE LIVING TOMBSTONE;DAFT PUNK;CHILDISH GAMBINO;KENDRICK LAMAR
KAROL G;KANY GARCIA;DANIEL ME ESTAS MATANDO;MORAT;CAMILO;REIK;ALEJANDRO FERNANDEZ;BAD BUNNY;RIHANNA;FITO PAEZ
KAROL G;FEID;NICO HERNANDEZ;QUEVEDO;JUAN LUIS GUERRA;MORAT;BAD BUNNY;CARLOS VIVES;ADELE;MILEY CYRUS
BAD BUNNY;TAYLOR SWIFT;OZUNA;J BALVIN;7CIRCLE;FEID;BELOCCA;ASYS;RAUW ALEJANDRO;KAROL G
TAYLOR SWIFT;THE KILLERS;MORAT;FEID;KAROL G;BAD BUNNY;KINGS OF LEON;ARCTIC MONKEYS;MILEY CYRUS;SODA STEREO
ANDRES CEPEDA;MORAT;JUAN LUIS GUERRA;KEVIN KAARL;MICRO TDH;FEID;MORA;YANDEL;JOSEAN LOG;NICKY JAM
MORAT;BAD BUNNY;PAULO LONDRA;BIZARRAP;COLDPLAY;MY CHEMICAL ROMANCE;WOS;J BALVIN;MANUEL MEDRANO;THE FRAY
HUMBE;THE WEEKND;LANA DEL REY;ANDRES CEPEDA;BILLIE EILISH;MICHAEL JACKSON;ARCTIC MONKEYS;MORAT;KEVIN KAARL;CHASE ATLANTIC
TWICE;LE SSERAFIM;IVE;BLACKPINK;STRAY KIDS;KEP1ER;ITZY;NMIXX;AESPA;FEID
TAYLOR SWIFT;FEID;ADELE;NICKY NICOLE;MORAT;COLDPLAY;ARCTIC MONKEYS;ANDRES CEPEDA;MORA;HARRY STYLES
2PAC;BTS;ZAYN;CHASE ATLANTIC;LANA DEL REY;MITSKI;VLAD HOLIDAY;LP;SANTANA;CANSERBERO
MORA;CONAN GRAY;BAD BUNNY;MANUEL MEDRANO;THE WEEKND;JVKE;HUMBE;DRAKE;RAUW ALEJANDRO;BRUNO MARS
LA ERA DE GOMES;MAC DEMACRO;INTENDENTE;BABELGAM;JULIANA QUEDATE OTRO DIA;MACHINE GIRL;CRUMB;MARGARITA SIEMPRE VIVA;NICOLAS Y LOS FUMADORES;IC3PEAK
TWICE;PARAMORE;MITSKI;THE WARNING;LE SSERAFIM;HAYLEY WILLIAMS;FLOWER FACE;THE CRANBERRIES;TAYLOR SWIFT;BOA
ONEUS;JUNIOR H;THE WEEKND;NATANAEL CANO;BTS;NCT;TWICE;MORA;BRUNO MARS;DREAD MAR I
THE BLAZE;RUFUS DU SOL;DUKE DUMONT;M83;KYGO;LABRINTH;THE CHAINSMOKERS;ROBIN SCHULZ;BAD BUNNY;AVICII
